Title,Address,Phone,Website,Rating,Review_Count
Beyond Wow Plumbing & Drains,"3432 Greystone Dr, Austin, TX 78731, USA",(512) 601-6173,https://beyondwow.com/?utm_campaign=gmb&utm_medium=gbp-austin&utm_source=google,4.9,2588
"Radiant Plumbing, Air Conditioning, & Electrical","901 Reinli St, Austin, TX 78751, USA",(512) 690-4935,https://radiantplumbing.com/austin/?utm_source=google&utm_medium=businesslisting&utm_campaign=atx-brand_gmb_1023&utm_content=atx-brand,4.8,17860
Reliant Plumbing - Austin,"12111 Menchaca Rd, Austin, TX 78748, USA",(512) 675-4220,https://reliantplumbing.com/plumbing-projects-austin/?utm_source=google&utm_medium=website&utm_campaign=sagbp&utm_id=southaustin-GBP,4.7,1659
Reliant Plumbing,"3705 San Antonio St, Austin, TX 78734, USA",(512) 222-6029,https://reliantplumbing.com/?utm_source=google&utm_medium=website&utm_campaign=hqgbp&utm_id=beecave-GBP,4.7,2930
Rooter-Man Plumbing Austin TX,"15503 Patrica St, Austin, TX 78728, USA",(512) 720-7092,http://rooterman.com/austin/,4.9,1223
"Stan's Heating, Air, Plumbing & Electrical","6016 Dillard Cir, Austin, TX 78752, USA",(512) 200-7614,https://www.stansac.com/?utm_source=GMB&utm_medium=organic&utm_campaign=GMB,4.7,6708
Austin's Greatest Plumbing,"2210 Melissa Oaks Ln, Austin, TX 78744, USA",(512) 377-9919,https://austinsgreatestplumbing.com/,5,319
ABC Home & Commercial - Plumbing Services Department,"9475 US-290, Austin, TX 78724, USA",(512) 220-7667,https://www.abchomeandcommercial.com/austin/plumbing?utm_source=gmb&utm_medium=organic&utm_campaign=aus-plumber,4.9,1073
Austin Plumbing,"5115 N Lamar Blvd Ste 100, Austin, TX 78751, USA",(512) 900-4663,https://austinplumbing.com/,4.8,21
Fox Service Company,"1506 Ferguson Ln Ste 102, Austin, TX 78754, USA",(512) 488-1120,https://www.foxservice.com/,4.8,5573
Proven Plumbing & Air,"300 Brushy Creek Rd Ste 402, Cedar Park, TX 78613, USA",(512) 775-1234,https://www.callproven.com/,4.9,3122
Plumbing Outfitters,"8329 N Mopac Expy Suite 153, Austin, TX 78759, USA",(512) 309-5406,https://plumbingoutfitters.com/austin/?utm_source=google&utm_medium=organic&utm_campaign=gbp,4.9,417
Clarke Kent Plumbing,"1408 W Ben White Blvd, Austin, TX 78704, USA",(512) 477-2200,https://www.clarkekentplumbing.com/?utm_source=gmb&utm_medium=organic&utm_campaign=website,4.5,611
Mr. Rooter Plumbing of Austin,"12201 Roxie Dr, Austin, TX 78729, USA",(512) 298-4916,https://www.mrrooter.com/austin/?cid=LSTL_MRR000199&utm_source=gmb&utm_campaign=local&utm_medium=organic,4.8,735
Cold Is On The Right Plumbing & Air,"2111 N FM 620, Austin, TX 78734, USA",(512) 645-2097,https://www.coldisontheright.com/,4.8,292
