day,time,topic,content,hashtags
1,09:00 AM CST,The 15-Minute Response Penalty in Local Trade Services,"If a homeowner has a burst pipe or a broken AC, they don't wait 4 hours for a callback.

Data from Harvard Business Review showed that contacting a lead within 5 minutes makes you 21x more likely to qualify them compared to waiting 30 minutes.

Yet when auditing 15+ trade contractors recently, the average response time was 3.8 hours. By then, the homeowner has already booked with the first competitor who picked up.

Fixing this doesn't require hiring a full-time receptionist. A simple automated instant SMS dispatch linking directly to dispatch calendars plugs 80% of that leak on day one.",#BusinessOperations #ProcessAutomation #AustinContractors #SmallBusinessGrowth
2,09:00 AM CST,Why Mobile Speed Destroys Ad Budgets,"Spending $2,000/month on Google Local Services Ads or Meta Ads while your landing page takes 6+ seconds to load is like pouring water into a leaky bucket.

Google's benchmark: 53% of mobile visits are abandoned if a page takes longer than 3 seconds to load.

If your click costs $18, every second of unnecessary latency is an invisible tax on your gross margin.

Audit your mobile site today on Google PageSpeed Insights. If LCP (Largest Contentful Paint) is over 2.5s, fix your image compression and script loading before increasing your ad spend.",#WebPerformance #DigitalMarketing #ROI #AustinBusiness
3,09:00 AM CST,"The Review Velocity Paradox: 21 Reviews vs 4,000+","You can do the best master plumbing or electrical work in town, but if you have 21 Google reviews and your local competitor has 4,500, prospective homeowners will click the competitor 9 times out of 10.

Here is the mistake most operators make: asking techs to 'remember to ask customers for a review.'

Techs are focused on solving the customer's problem and getting to the next job. They won't remember.

The fix: An automated webhook triggered the moment a job status changes to 'Completed' in your CRM or invoicing software, sending a personalized 1-click review link 30 minutes after completion. Review velocity jumps 300% in 60 days.",#ReputationManagement #CustomerExperience #LocalSEO #Automation
4,09:00 AM CST,The 40-Word Email Rule: Why Pitch Slaps Fail,"Cold outreach today is flooded with 300-word corporate jargon templates that reek of mass automation.

If your cold email looks like a brochure, it goes straight to the trash.

The framework that actually gets responses from busy business owners:
1. Observation: Cite a real, specific friction point you observed on their public site.
2. Impact: Mention what that friction costs in lost calls or missed bookings.
3. Low-friction ask: Never ask for a '15-minute call'. Ask: 'Open to seeing a 2-minute breakdown, or is this not a priority right now?'

Keep it under 60 words. Respect their time.",#ColdOutreach #B2BSales #Consulting #SalesStrategy
5,09:00 AM CST,Weekend Lead Bleed: What Happens at 7:00 PM on Friday?,"A quick test every business owner should run:

Submit a quote request on your own website at 7:30 PM on Friday from a friend's email.

What happens?
Does it sit in an unread inbox until Monday 8:30 AM?

In home services and emergency repairs, 35% of high-intent search volume happens after 5 PM and on weekends.

If you don't have an automated after-hours auto-responder that asks 2 qualifying questions and confirms emergency dispatch availability, that customer is calling your competitor 2 minutes later.",#LeadGeneration #CustomerService #SmallBusinessTips #FieldServices
6,09:00 AM CST,Systems vs Goals: Why Scaling Fails Without Workflows,"'You do not rise to the level of your goals. You fall to the level of your systems.' — James Clear.

In business operations, scaling headcount before automating repetitive bottlenecks just multiplies chaos.

Before hiring another admin to copy-paste data between your website form, your CRM, and your scheduling software, look at your API pipes.

A well-built webhook connection runs 24/7, never calls in sick, and never misspells a customer's phone number.",#SystemsThinking #OperationalEfficiency #ScaleSmart #Productivity
7,09:00 AM CST,The Click-to-Call Friction on Mobile,"Over 72% of traffic to local home service and repair sites originates from mobile phones.

Yet on almost 40% of sites audited this month, the primary phone number on mobile was:
- Embedded as a flat graphic (unclickable)
- Missing the 'tel:' hyperlink protocol
- Hidden behind a collapsed hamburger navigation menu

When someone has water on their bathroom floor, they will not memorize a 10-digit number and type it into their phone dialer. Add a sticky 'Tap to Call' header on mobile.",#MobileUX #ConversionRateOptimization #HomeServices #WebDesign
8,09:00 AM CST,The 4 Pillars of a Resilient Business,"When diagnosing bottlenecks in any operating business, we evaluate four pillars:

1. Sales & Lead Pipeline (How fast are inquiries captured and converted?)
2. Customer Experience & Support (Are onboarding and communications automated?)
3. Service Delivery & Dispatch (How smooth is execution and scheduling?)
4. Internal Systems & Ops (Do your tools talk to each other, or are you manually bridging data?)

A breakdown in any single pillar creates drag across all four. Where is the biggest bottleneck in your operations right now?",#BusinessAudit #ConsultingFrameworks #OperationsStrategy #Growth
9,09:00 AM CST,Why 'More Leads' Is Often the Wrong Solution,"When a business owner says: 'We need more leads,' 8 times out of 10 the real problem is leakiness in the bottom of their funnel.

If your current conversion rate from website visitor to booked job is 2%, doubling your marketing spend just means you're wasting twice as much money on abandoned traffic.

If you double your conversion rate from 2% to 4% by fixing mobile UX, adding instant SMS, and speeding up response times, you double your revenue with ZERO additional ad spend.",#RevenueGrowth #Profitability #UnitEconomics #BusinessConsulting
10,09:00 AM CST,Automated Review Gatekeeping Done Right,"How do top-rated companies maintain 4.9-star ratings over thousands of reviews?

They use an automated feedback loop:
Step 1: Send a quick 1-question check: 'How was your service today? (1 to 5 Stars)'
Step 2: If 4 or 5 stars $ightarrow$ Route them directly to Google Business Profile to leave a public review.
Step 3: If 1 to 3 stars $ightarrow$ Route them to an internal feedback form that alerts management instantly so you can resolve the issue before it becomes a public 1-star review.

Protect your reputation while scaling review volume.",#CustomerFeedback #Reputation #LocalBusiness #CustomerSuccess
11,09:00 AM CST,Stop Relying on Manual Follow-Ups,"How many estimates or quotes went out from your business last month that were never followed up on?

Industry standard shows that 60% of closed sales happen between the 2nd and 5th contact.

Yet 70% of business owners stop following up after the initial quote.

Set up a polite 3-step automated follow-up sequence: Day 2 ('Did you have any questions on the line items?'), Day 5 ('Checking if you were able to review'), Day 10 ('Should I close this estimate out?'). You will immediately recover 15-20% of lost deals.",#SalesAutomation #PipelineManagement #ContractorTips #Revenue
12,09:00 AM CST,The Power of Asynchronous Video Audits,"The old way of selling consulting: Pitch a 30-minute introductory Zoom meeting where you pitch yourself.

The new way: Spend 3 minutes recording a targeted, screen-recorded breakdown showing the exact friction point in their workflow, give them the solution for free, and let them decide if they want your help implementing it.

Lead with value before asking for attention.",#ConsultingLife #SalesTactics #ValueFirst #ModernSales
13,09:00 AM CST,API Integrations: The Unsung Hero of Scalable Teams,"If your team is spending more than 30 minutes a day typing information from an email into an Excel sheet or CRM, you are burning capital.

Modern APIs and low-code integrations allow complete synchronization between:
- Website leads
- SMS auto-responders
- Dispatch schedules
- Invoicing platforms

Free your people to do high-leverage client work. Automate the administrative glue.",#WorkflowAutomation #API #ProductivityHacks #TechStack
14,09:00 AM CST,Audit Your Own Operations This Quarter,"Every quarter, run a clean audit on your own business processes:

1. Where is the longest wait time for a client between inquiry and resolution?
2. What is the single most repeated manual task your team complains about?
3. Are your software tools integrated, or are they isolated data silos?

Operational excellence isn't an accident. It's the compound interest of small workflow improvements.",#QuarterlyReview #BusinessStrategy #Leadership #Operations
